contractSymbol,lastTradeDate,strike,lastPrice,bid,ask,change,percentChange,volume,openInterest,impliedVolatility,inTheMoney,contractSize,currency
SPY261030P00470000,2026-09-25 19:57:11+00:00,470.0,0.06,0.05,0.06,-0.02,-25.0,14.0,76216.0,0.5429733203125001,False,REGULAR,USD
SPY261030P00475000,2026-09-24 14:57:48+00:00,475.0,0.09,0.06,0.07,0.0,0.0,11.0,181.0,0.5410202148437502,False,REGULAR,USD
SPY261030P00480000,2026-09-23 14:47:44+00:00,480.0,0.08,0.06,0.07,0.0,0.0,5.0,417.0,0.5302781347656251,False,REGULAR,USD
SPY261030P00485000,2026-09-21 19:16:04+00:00,485.0,0.1,0.07,0.08,0.0,0.0,10.0,45.0,0.526371923828125,False,REGULAR,USD
SPY261030P00490000,2026-09-25 14:55:02+00:00,490.0,0.09,0.07,0.08,-0.009999998,-9.999997,5.0,237.0,0.51562984375,False,REGULAR,USD
SPY261030P00495000,2026-09-22 15:01:28+00:00,495.0,0.09,0.08,0.09,0.0,0.0,1.0,227.0,0.5107470800781251,False,REGULAR,USD
SPY261030P00500000,2026-09-25 19:25:57+00:00,500.0,0.09,0.08,0.09,-0.009999998,-9.999997,304.0,1573.0,0.500005,False,REGULAR,USD
SPY261030P00505000,2026-09-25 19:30:42+00:00,505.0,0.09,0.09,0.1,-0.049999997,-35.714283,6.0,233.0,0.49805189453125004,False,REGULAR,USD
SPY261030P00510000,2026-09-25 20:12:06+00:00,510.0,0.09,0.1,0.11,-0.03999999,-30.769224,2.0,752.0,0.49219257812500006,False,REGULAR,USD
SPY261030P00515000,2026-09-25 19:59:47+00:00,515.0,0.1,0.1,0.11,-0.04,-28.571428,12.0,309.0,0.481450498046875,False,REGULAR,USD
SPY261030P00520000,2026-09-25 19:30:54+00:00,520.0,0.11,0.11,0.12,-0.040000007,-26.666668,4.0,489.0,0.47461462890625,False,REGULAR,USD
SPY261030P00525000,2026-09-25 15:04:26+00:00,525.0,0.14,0.12,0.13,-0.040000007,-22.222223,3.0,418.0,0.4682670361328125,False,REGULAR,USD
SPY261030P00530000,2026-09-23 14:14:45+00:00,530.0,0.15,0.13,0.14,0.0,0.0,7.0,613.0,0.46143116699218756,False,REGULAR,USD
SPY261030P00535000,2026-09-24 19:09:04+00:00,535.0,0.17,0.13,0.14,0.0,0.0,1.0,218.0,0.45117736328125,False,REGULAR,USD
SPY261030P00540000,2026-09-25 17:39:29+00:00,540.0,0.16,0.14,0.15,-0.049999997,-23.809523,113.0,849.0,0.44385321777343745,False,REGULAR,USD
SPY261030P00545000,2026-09-25 19:35:19+00:00,545.0,0.16,0.15,0.16,-0.040000007,-20.000002,65.0,481.0,0.436529072265625,False,REGULAR,USD
SPY261030P00550000,2026-09-25 19:58:05+00:00,550.0,0.17,0.16,0.17,-0.06999999,-29.166664,216.0,680.0,0.4292049267578125,False,REGULAR,USD
SPY261030P00555000,2026-09-25 15:20:13+00:00,555.0,0.2,0.17,0.18,-0.059999987,-23.076918,1.0,443.0,0.42139250488281255,False,REGULAR,USD
SPY261030P00560000,2026-09-25 19:26:01+00:00,560.0,0.19,0.18,0.19,-0.060000002,-24.0,7.0,338.0,0.41358008300781246,False,REGULAR,USD
SPY261030P00565000,2026-09-25 19:39:35+00:00,565.0,0.21,0.2,0.21,-0.040000007,-16.000002,2.0,233.0,0.40820904296875,False,REGULAR,USD
SPY261030P00570000,2026-09-25 19:52:56+00:00,570.0,0.21,0.21,0.22,-0.07000001,-25.000004,43.0,150830.0,0.39990834472656256,False,REGULAR,USD
SPY261030P00575000,2026-09-25 19:38:22+00:00,575.0,0.22,0.22,0.23,-0.060000002,-21.428572,34.0,1285.0,0.39160764648437496,False,REGULAR,USD
SPY261030P00580000,2026-09-25 19:45:59+00:00,580.0,0.25,0.23,0.24,-0.050000012,-16.66667,11.0,3735.0,0.3833069482421875,False,REGULAR,USD
SPY261030P00585000,2026-09-25 20:08:01+00:00,585.0,0.26,0.25,0.26,-0.01000002,-3.703711,5.0,567.0,0.3767152172851562,False,REGULAR,USD
SPY261030P00590000,2026-09-25 19:59:16+00:00,590.0,0.27,0.26,0.27,-0.06999999,-20.588232,13.0,971.0,0.36817038085937503,False,REGULAR,USD
SPY261030P00595000,2026-09-24 19:59:43+00:00,595.0,0.35,0.28,0.29,0.0,0.0,94.0,21347.0,0.3610903735351562,False,REGULAR,USD
SPY261030P00600000,2026-09-25 20:05:53+00:00,600.0,0.31,0.3,0.31,-0.06999999,-18.421051,355.0,21695.0,0.3537662280273437,False,REGULAR,USD
SPY261030P00605000,2026-09-25 15:15:55+00:00,605.0,0.37,0.32,0.33,-0.01999998,-5.1282005,1.0,1088.0,0.3464420825195312,False,REGULAR,USD
SPY261030P00610000,2026-09-25 17:57:45+00:00,610.0,0.36,0.34,0.35,-0.06999999,-16.279068,29.0,1145.0,0.3386296606445312,False,REGULAR,USD
SPY261030P00615000,2026-09-25 18:30:53+00:00,615.0,0.38,0.36,0.37,-0.06999999,-15.555553,6.0,716.0,0.33081723876953123,False,REGULAR,USD
SPY261030P00620000,2026-09-25 19:41:47+00:00,620.0,0.39,0.38,0.39,-0.17000002,-30.357145,11.0,2397.0,0.32300481689453114,False,REGULAR,USD
SPY261030P00625000,2026-09-25 19:22:43+00:00,625.0,0.42,0.41,0.42,-0.109999985,-20.754715,48.0,895.0,0.31592480957031244,False,REGULAR,USD
SPY261030P00630000,2026-09-25 19:26:32+00:00,630.0,0.46,0.44,0.45,-0.12999997,-22.033894,7.0,2024.0,0.3086006640625,False,REGULAR,USD
SPY261030P00635000,2026-09-25 19:52:44+00:00,635.0,0.47,0.47,0.48,-0.19000003,-28.78788,70.0,646.0,0.30103238037109376,False,REGULAR,USD
SPY261030P00640000,2026-09-25 19:51:39+00:00,640.0,0.5,0.5,0.51,-0.110000014,-18.03279,19.0,610.0,0.29321995849609367,False,REGULAR,USD
SPY261030P00641000,2026-09-24 19:53:35+00:00,641.0,0.63,0.51,0.52,0.0,0.0,41.0,350.0,0.2919992675781249,False,REGULAR,USD
SPY261030P00642000,2026-09-25 17:33:33+00:00,642.0,0.55,0.51,0.52,-0.07999998,-12.69841,1.0,134.0,0.2898020239257812,False,REGULAR,USD
SPY261030P00643000,2026-09-25 15:11:34+00:00,643.0,0.63,0.52,0.53,-0.01999998,-3.0769203,1.0,393.0,0.2885813330078124,False,REGULAR,USD
SPY261030P00644000,2026-09-21 14:25:16+00:00,644.0,0.7,0.53,0.54,0.0,0.0,4.0,401.0,0.2873606420898437,False,REGULAR,USD
SPY261030P00645000,2026-09-25 13:55:55+00:00,645.0,0.55,0.54,0.55,-0.19,-25.675674,31.0,464.0,0.28601788208007806,False,REGULAR,USD
SPY261030P00646000,2026-09-23 15:48:51+00:00,646.0,0.64,0.54,0.55,0.0,0.0,1.0,141.0,0.28394270751953116,False,REGULAR,USD
SPY261030P00647000,2026-09-25 14:20:44+00:00,647.0,0.72,0.55,0.56,0.030000031,4.347831,3.0,142.0,0.2825999475097656,False,REGULAR,USD
SPY261030P00648000,2026-09-25 15:17:44+00:00,648.0,0.65,0.56,0.57,-0.04000002,-5.7971044,3.0,411.0,0.28125718749999995,False,REGULAR,USD
SPY261030P00649000,2026-09-24 14:12:36+00:00,649.0,0.77,0.57,0.58,0.0,0.0,6.0,167.0,0.2799144274902343,False,REGULAR,USD
SPY261030P00650000,2026-09-25 18:29:30+00:00,650.0,0.61,0.57,0.58,-0.120000005,-16.438356,60.0,8172.0,0.2778392529296875,False,REGULAR,USD
SPY261030P00651000,2026-09-24 13:54:15+00:00,651.0,0.8,0.58,0.59,0.0,0.0,5.0,60.0,0.27637442382812494,False,REGULAR,USD
SPY261030P00652000,2026-09-24 14:02:22+00:00,652.0,0.8,0.59,0.6,0.0,0.0,65.0,276.0,0.27503166381835936,False,REGULAR,USD
SPY261030P00653000,2026-09-23 13:30:02+00:00,653.0,0.65,0.6,0.61,0.0,0.0,158.0,528.0,0.27368890380859373,False,REGULAR,USD
SPY261030P00654000,2026-09-23 15:48:51+00:00,654.0,0.74,0.61,0.62,0.0,0.0,1.0,179.0,0.2722240747070312,False,REGULAR,USD
SPY261030P00655000,2026-09-25 16:52:50+00:00,655.0,0.67,0.62,0.63,-0.120000005,-15.189873,6.0,204.0,0.2708813146972656,False,REGULAR,USD
SPY261030P00656000,2026-09-25 17:39:41+00:00,656.0,0.67,0.63,0.64,-0.24000001,-26.373625,4.0,456.0,0.2694164855957031,False,REGULAR,USD
SPY261030P00657000,2026-09-22 13:29:59+00:00,657.0,0.75,0.64,0.65,0.0,0.0,1.0,543.0,0.2679516564941406,False,REGULAR,USD
SPY261030P00658000,2026-09-23 15:21:26+00:00,658.0,0.76,0.64,0.66,0.0,0.0,6.0,85.0,0.2664868273925781,False,REGULAR,USD
SPY261030P00659000,2026-09-18 19:51:22+00:00,659.0,1.14,0.65,0.67,0.0,0.0,1.0,314.0,0.2650219982910156,False,REGULAR,USD
SPY261030P00660000,2026-09-25 20:08:09+00:00,660.0,0.67,0.66,0.67,-0.16999996,-20.23809,63.0,831.0,0.26282475463867194,False,REGULAR,USD
SPY261030P00661000,2026-09-16 19:29:26+00:00,661.0,2.26,0.67,0.69,0.0,0.0,37.0,73.0,0.26197027099609377,False,REGULAR,USD
SPY261030P00662000,2026-09-25 13:32:09+00:00,662.0,0.79,0.68,0.69,-0.14999998,-15.957445,1.0,245.0,0.25989509643554687,False,REGULAR,USD
SPY261030P00663000,2026-09-23 17:04:25+00:00,663.0,0.95,0.69,0.71,0.0,0.0,118.0,592.0,0.25891854370117195,False,REGULAR,USD
SPY261030P00664000,2026-09-23 17:30:00+00:00,664.0,0.95,0.71,0.72,0.0,0.0,773.0,820.0,0.2574537145996094,False,REGULAR,USD
SPY261030P00665000,2026-09-25 19:56:39+00:00,665.0,0.73,0.72,0.73,-0.21999997,-23.15789,21.0,636.0,0.25586681640625003,False,REGULAR,USD
SPY261030P00666000,2026-09-24 19:55:16+00:00,666.0,0.92,0.73,0.74,0.0,0.0,17.0,382.0,0.25427991821289064,False,REGULAR,USD
SPY261030P00667000,2026-09-25 14:01:38+00:00,667.0,0.88,0.74,0.75,0.120000005,15.789474,1.0,309.0,0.25269302001953126,False,REGULAR,USD
SPY261030P00668000,2026-09-24 16:15:03+00:00,668.0,1.09,0.75,0.76,0.0,0.0,8.0,55.0,0.25110612182617187,False,REGULAR,USD
SPY261030P00669000,2026-09-24 18:03:16+00:00,669.0,1.05,0.76,0.78,0.0,0.0,15.0,93.0,0.25012956909179684,False,REGULAR,USD
SPY261030P00670000,2026-09-25 18:42:07+00:00,670.0,0.82,0.77,0.79,-0.17000002,-17.171719,123.0,76225.0,0.24848163635253906,False,REGULAR,USD
SPY261030P00671000,2026-09-25 15:42:06+00:00,671.0,0.93,0.79,0.8,-0.109999955,-10.576919,7.0,137.0,0.24683370361328127,False,REGULAR,USD
SPY261030P00672000,2026-09-25 15:12:51+00:00,672.0,0.98,0.8,0.81,-0.059999943,-5.7692256,1.0,44.0,0.2452468054199219,False,REGULAR,USD
SPY261030P00673000,2026-09-24 16:16:45+00:00,673.0,0.89,0.81,0.83,-0.18000007,-16.822435,1.0,819.0,0.24414818359375,False,REGULAR,USD
SPY261030P00674000,2026-09-25 19:40:33+00:00,674.0,0.84,0.83,0.84,-0.19999999,-19.230768,3.0,212.0,0.24243921630859372,False,REGULAR,USD
SPY261030P00675000,2026-09-25 19:23:37+00:00,675.0,0.84,0.84,0.85,-0.25000006,-22.935785,63.0,1440.0,0.24073024902343748,False,REGULAR,USD
SPY261030P00676000,2026-09-22 15:20:28+00:00,676.0,0.94,0.85,0.87,0.0,0.0,3.0,84.0,0.23957059265136715,False,REGULAR,USD
SPY261030P00677000,2026-09-24 16:16:13+00:00,677.0,1.2,0.87,0.88,0.0,0.0,121.0,189.0,0.23786162536621092,False,REGULAR,USD
SPY261030P00678000,2026-09-25 17:41:25+00:00,678.0,0.94,0.88,0.9,-0.22999996,-19.658117,3.0,287.0,0.23670196899414062,False,REGULAR,USD
SPY261030P00679000,2026-09-25 14:15:12+00:00,679.0,1.23,0.9,0.91,-0.059999943,-4.6511583,30.0,249.0,0.23493196716308595,False,REGULAR,USD
SPY261030P00680000,2026-09-25 19:32:42+00:00,680.0,0.92,0.91,0.93,-0.23999995,-20.689651,83.0,1508.0,0.23365024169921872,False,REGULAR,USD
SPY261030P00681000,2026-09-25 15:11:10+00:00,681.0,1.12,0.93,0.95,-0.110000014,-8.94309,2.0,382.0,0.23236851623535154,False,REGULAR,USD
SPY261030P00682000,2026-09-24 17:46:11+00:00,682.0,1.27,0.95,0.96,0.0,0.0,192.0,296.0,0.23059851440429688,False,REGULAR,USD
SPY261030P00683000,2026-09-25 16:32:09+00:00,683.0,1.0,0.96,0.98,-0.37,-27.0073,25.0,1814.0,0.22925575439453127,False,REGULAR,USD
SPY261030P00684000,2026-09-25 20:02:06+00:00,684.0,1.0,0.98,1.0,-0.23000002,-18.699188,2.0,559.0,0.22791299438476562,False,REGULAR,USD
SPY261030P00685000,2026-09-25 19:40:41+00:00,685.0,1.0,1.0,1.02,-0.27999997,-21.874998,34.0,12447.0,0.22657023437499998,False,REGULAR,USD
SPY261030P00686000,2026-09-24 16:30:54+00:00,686.0,1.31,1.02,1.03,0.0,0.0,23.0,331.0,0.22473919799804684,False,REGULAR,USD
SPY261030P00687000,2026-09-25 17:24:42+00:00,687.0,1.1,1.04,1.05,-0.24000001,-17.910448,189.0,145.0,0.22333540344238278,False,REGULAR,USD
SPY261030P00688000,2026-09-25 17:39:26+00:00,688.0,1.13,1.06,1.07,-0.21000004,-15.671644,15.0,3427.0,0.2219316088867187,False,REGULAR,USD
SPY261030P00689000,2026-09-25 17:40:15+00:00,689.0,1.14,1.08,1.09,-0.23000002,-16.788322,549.0,3140.0,0.22046677978515622,False,REGULAR,USD
SPY261030P00690000,2026-09-25 20:07:55+00:00,690.0,1.11,1.1,1.11,-0.26999998,-19.565216,126.0,5526.0,0.21900195068359374,False,REGULAR,USD
SPY261030P00691000,2026-09-25 15:01:20+00:00,691.0,1.34,1.12,1.13,-0.03999996,-2.898548,1.0,361.0,0.21753712158203126,False,REGULAR,USD
SPY261030P00692000,2026-09-25 17:30:56+00:00,692.0,1.21,1.14,1.16,-0.26,-17.687075,1.0,124.0,0.21637746520996093,False,REGULAR,USD
SPY261030P00693000,2026-09-25 19:19:40+00:00,693.0,1.19,1.16,1.18,-0.3399999,-22.222218,17.0,1754.0,0.2148516015625,False,REGULAR,USD
SPY261030P00694000,2026-09-25 17:40:14+00:00,694.0,1.23,1.18,1.2,-0.32999992,-21.153843,35.0,235.0,0.21326470336914063,False,REGULAR,USD
SPY261030P00695000,2026-09-25 20:08:35+00:00,695.0,1.22,1.21,1.23,-0.29999995,-19.73684,124.0,3044.0,0.21210504699707028,False,REGULAR,USD
SPY261030P00696000,2026-09-25 17:15:36+00:00,696.0,1.3,1.23,1.25,-0.24000001,-15.584416,57.0,396.0,0.21051814880371095,False,REGULAR,USD
SPY261030P00697000,2026-09-25 19:42:17+00:00,697.0,1.25,1.26,1.27,-0.51,-28.977272,20.0,411.0,0.20887021606445308,False,REGULAR,USD
SPY261030P00698000,2026-09-25 19:37:05+00:00,698.0,1.32,1.28,1.3,-0.31999993,-19.51219,7.0,1397.0,0.20758849060058593,False,REGULAR,USD
SPY261030P00699000,2026-09-25 19:03:10+00:00,699.0,1.37,1.31,1.33,-0.37,-21.264368,141.0,665.0,0.2063067651367187,False,REGULAR,USD
SPY261030P00700000,2026-09-25 20:13:35+00:00,700.0,1.36,1.34,1.36,-0.40999997,-23.16384,1353.0,8693.0,0.2049640051269531,False,REGULAR,USD
SPY261030P00701000,2026-09-25 17:34:08+00:00,701.0,1.47,1.37,1.39,-0.26999998,-15.517241,19.0,745.0,0.20356021057128904,False,REGULAR,USD
SPY261030P00702000,2026-09-25 19:15:58+00:00,702.0,1.41,1.4,1.42,-0.36,-20.338984,44.0,505.0,0.20215641601562498,False,REGULAR,USD
SPY261030P00703000,2026-09-25 16:35:10+00:00,703.0,1.53,1.43,1.45,-0.33000004,-17.741938,58.0,178.0,0.20075262145996092,False,REGULAR,USD
SPY261030P00704000,2026-09-25 19:08:54+00:00,704.0,1.52,1.46,1.48,-0.31000006,-16.939894,338.0,264.0,0.19928779235839844,False,REGULAR,USD
SPY261030P00705000,2026-09-25 19:40:41+00:00,705.0,1.51,1.49,1.51,-0.45000005,-22.959185,165.0,1517.0,0.19782296325683596,False,REGULAR,USD
SPY261030P00706000,2026-09-25 18:09:41+00:00,706.0,1.5,1.52,1.54,-0.53,-26.108374,25.0,310.0,0.196297099609375,False,REGULAR,USD
SPY261030P00707000,2026-09-25 18:19:40+00:00,707.0,1.63,1.56,1.58,-0.38,-18.905472,40.0,21492.0,0.19507640869140624,False,REGULAR,USD
SPY261030P00708000,2026-09-25 19:37:05+00:00,708.0,1.63,1.6,1.62,-0.39999998,-19.704432,80.0,217.0,0.19379468322753907,False,REGULAR,USD
SPY261030P00709000,2026-09-25 17:15:04+00:00,709.0,1.6,1.63,1.65,-0.5400001,-25.233646,31.0,486.0,0.1922077850341797,False,REGULAR,USD
SPY261030P00710000,2026-09-25 19:58:14+00:00,710.0,1.67,1.67,1.69,-0.5500001,-24.774778,234.0,2503.0,0.1909260595703125,False,REGULAR,USD
SPY261030P00711000,2026-09-25 19:58:19+00:00,711.0,1.71,1.71,1.73,-0.45000005,-20.833334,40.0,246.0,0.18952226501464847,False,REGULAR,USD
SPY261030P00712000,2026-09-25 20:05:12+00:00,712.0,1.76,1.75,1.77,-0.44000006,-20.000004,175.0,449.0,0.18811847045898436,False,REGULAR,USD
SPY261030P00713000,2026-09-25 19:32:08+00:00,713.0,1.86,1.79,1.82,-0.35000002,-15.837106,460.0,1184.0,0.18695881408691406,False,REGULAR,USD
SPY261030P00714000,2026-09-25 19:40:33+00:00,714.0,1.84,1.84,1.86,-0.49999988,-21.367517,20.0,700.0,0.18549398498535152,False,REGULAR,USD
SPY261030P00715000,2026-09-25 19:54:13+00:00,715.0,1.86,1.89,1.9,-0.5300001,-22.175734,1396.0,2468.0,0.18399863861083982,False,REGULAR,USD
SPY261030P00716000,2026-09-25 20:07:27+00:00,716.0,1.93,1.93,1.95,-0.56000006,-22.489964,69.0,1089.0,0.18271691314697264,False,REGULAR,USD
SPY261030P00717000,2026-09-25 18:15:13+00:00,717.0,1.93,1.98,2.0,-0.59000003,-23.4127,139.0,1002.0,0.18140467041015623,False,REGULAR,USD
SPY261030P00718000,2026-09-25 19:45:37+00:00,718.0,1.96,2.03,2.05,-0.5799999,-22.834642,59.0,589.0,0.18003139312744143,False,REGULAR,USD
SPY261030P00719000,2026-09-25 18:22:46+00:00,719.0,2.15,2.08,2.1,-0.6099999,-22.101446,32.0,542.0,0.17865811584472657,False,REGULAR,USD
SPY261030P00720000,2026-09-25 20:07:27+00:00,720.0,2.13,2.14,2.16,-0.64999986,-23.38129,770.0,5865.0,0.1774374249267578,False,REGULAR,USD
SPY261030P00721000,2026-09-25 20:10:26+00:00,721.0,2.21,2.19,2.22,-0.5,-18.450184,97.0,488.0,0.17615569946289064,False,REGULAR,USD
SPY261030P00722000,2026-09-25 18:15:21+00:00,722.0,2.31,2.25,2.27,-0.47000003,-16.906477,26.0,452.0,0.1746603530883789,False,REGULAR,USD
SPY261030P00723000,2026-09-25 19:55:59+00:00,723.0,2.3,2.31,2.33,-0.69000006,-23.076925,43.0,331.0,0.17331759307861327,False,REGULAR,USD
SPY261030P00724000,2026-09-25 19:21:50+00:00,724.0,2.42,2.37,2.4,-0.74,-23.41772,38.0,453.0,0.172157936706543,False,REGULAR,USD
SPY261030P00725000,2026-09-25 20:11:23+00:00,725.0,2.45,2.44,2.46,-0.5899999,-19.407892,55929.0,7494.0,0.17072362487792972,False,REGULAR,USD
SPY261030P00726000,2026-09-25 16:57:07+00:00,726.0,2.42,2.51,2.53,-0.81999993,-25.30864,70.0,330.0,0.16947241668701174,False,REGULAR,USD
SPY261030P00727000,2026-09-25 20:00:50+00:00,727.0,2.56,2.57,2.6,-0.6500001,-20.249224,82.0,11879.0,0.16816017395019534,False,REGULAR,USD
SPY261030P00728000,2026-09-25 19:46:17+00:00,728.0,2.64,2.64,2.67,-0.7199998,-21.428566,92.0,1522.0,0.16681741394042973,False,REGULAR,USD
SPY261030P00729000,2026-09-25 20:05:07+00:00,729.0,2.72,2.72,2.75,-0.8499999,-23.809523,335.0,389.0,0.16559672302246098,False,REGULAR,USD
SPY261030P00730000,2026-09-25 19:56:54+00:00,730.0,2.79,2.8,2.83,-0.8700001,-23.770496,3148.0,19317.0,0.16431499755859375,False,REGULAR,USD
SPY261030P00731000,2026-09-25 20:10:26+00:00,731.0,2.89,2.88,2.91,-0.6999998,-19.498604,28.0,522.0,0.16300275482177734,False,REGULAR,USD
SPY261030P00732000,2026-09-25 19:50:53+00:00,732.0,2.9,2.97,2.99,-0.77,-20.980927,326.0,759.0,0.16162947753906248,False,REGULAR,USD
SPY261030P00733000,2026-09-25 20:08:48+00:00,733.0,3.04,3.05,3.08,-0.81999993,-21.243523,109.0,527.0,0.16040878662109376,False,REGULAR,USD
SPY261030P00734000,2026-09-25 20:12:29+00:00,734.0,3.15,3.14,3.17,-0.78,-19.847328,91.0,597.0,0.15909654388427735,False,REGULAR,USD
SPY261030P00735000,2026-09-25 20:11:43+00:00,735.0,3.27,3.24,3.26,-0.78999996,-19.458128,1995.0,10894.0,0.1577232666015625,False,REGULAR,USD
SPY261030P00736000,2026-09-25 19:45:53+00:00,736.0,3.26,3.34,3.36,-1.3,-28.508772,143.0,443.0,0.15650257568359377,False,REGULAR,USD
SPY261030P00737000,2026-09-25 19:45:35+00:00,737.0,3.35,3.44,3.47,-0.99000025,-22.811064,187.0,386.0,0.15534291931152344,False,REGULAR,USD
SPY261030P00738000,2026-09-25 19:45:03+00:00,738.0,3.42,3.54,3.57,-1.46,-29.918032,29.0,1306.0,0.1540001593017578,False,REGULAR,USD
SPY261030P00739000,2026-09-25 20:02:41+00:00,739.0,3.63,3.65,3.68,-0.9000001,-19.86755,54.0,881.0,0.15271843383789066,False,REGULAR,USD
SPY261030P00740000,2026-09-25 20:07:55+00:00,740.0,3.75,3.77,3.8,-0.9499998,-20.212763,1779.0,2854.0,0.15155877746582033,False,REGULAR,USD
SPY261030P00741000,2026-09-25 19:51:23+00:00,741.0,3.75,3.89,3.92,-1.0999999,-22.68041,44.0,923.0,0.15030756927490235,False,REGULAR,USD
SPY261030P00742000,2026-09-25 19:56:34+00:00,742.0,3.99,4.01,4.04,-1.0200002,-20.359285,292.0,599.0,0.14899532653808595,False,REGULAR,USD
SPY261030P00743000,2026-09-25 19:56:27+00:00,743.0,4.1,4.14,4.16,-1.0,-19.607843,169.0,539.0,0.1476220492553711,False,REGULAR,USD
SPY261030P00744000,2026-09-25 20:02:41+00:00,744.0,4.24,4.27,4.3,-1.1000004,-20.599258,88.0,795.0,0.14646239288330076,False,REGULAR,USD
SPY261030P00745000,2026-09-25 20:08:35+00:00,745.0,4.39,4.41,4.44,-1.2600002,-22.300888,562.0,21384.0,0.14524170196533204,False,REGULAR,USD
SPY261030P00746000,2026-09-25 20:14:53+00:00,746.0,4.55,4.56,4.58,-1.29,-22.08904,584.0,1115.0,0.1439294592285156,False,REGULAR,USD
SPY261030P00747000,2026-09-25 20:10:48+00:00,747.0,4.71,4.71,4.74,-1.3499999,-22.277225,26.0,661.0,0.14283083740234376,False,REGULAR,USD
SPY261030P00748000,2026-09-25 20:02:25+00:00,748.0,4.82,4.86,4.89,-1.4299998,-22.879997,119.0,722.0,0.14151859466552735,False,REGULAR,USD
SPY261030P00749000,2026-09-25 19:57:47+00:00,749.0,4.96,5.02,5.06,-1.23,-19.87076,242.0,673.0,0.14038945556640625,False,REGULAR,USD
SPY261030P00750000,2026-09-25 20:14:23+00:00,750.0,5.2,5.19,5.21,-1.44,-21.686747,2131.0,19398.0,0.13892462646484377,False,REGULAR,USD
SPY261030P00751000,2026-09-25 19:57:47+00:00,751.0,5.3,5.36,5.4,-1.27,-19.330288,123.0,1010.0,0.13788703918457032,False,REGULAR,USD
SPY261030P00752000,2026-09-25 19:45:03+00:00,752.0,5.39,5.54,5.58,-1.4300003,-20.967747,103.0,1103.0,0.13662057235717773,False,REGULAR,USD
SPY261030P00753000,2026-09-25 19:50:20+00:00,753.0,5.51,5.73,5.77,-1.4299998,-20.605185,612.0,848.0,0.135399881439209,False,REGULAR,USD
SPY261030P00754000,2026-09-25 18:26:37+00:00,754.0,6.12,5.93,5.97,-1.0700002,-14.881783,99.0,2267.0,0.13420970779418945,False,REGULAR,USD
SPY261030P00755000,2026-09-25 20:11:57+00:00,755.0,6.18,6.13,6.18,-1.5100002,-19.635895,56329.0,6152.0,0.13305005142211912,False,REGULAR,USD
SPY261030P00756000,2026-09-25 19:58:50+00:00,756.0,6.27,6.35,6.39,-1.3899999,-18.146212,156.0,583.0,0.13178358459472655,False,REGULAR,USD
SPY261030P00757000,2026-09-25 19:50:18+00:00,757.0,6.3,6.57,6.61,-1.7200003,-21.446386,208.0,910.0,0.13056289367675777,False,REGULAR,USD
SPY261030P00758000,2026-09-25 19:56:55+00:00,758.0,6.72,6.79,6.84,-1.4600005,-17.848415,125.0,1218.0,0.12934220275878905,False,REGULAR,USD
SPY261030P00759000,2026-09-25 20:14:44+00:00,759.0,7.05,7.03,7.08,-1.7200003,-19.612318,125.0,738.0,0.1281215118408203,False,REGULAR,USD
SPY261030P00760000,2026-09-25 20:13:51+00:00,760.0,7.29,7.28,7.32,-1.8599997,-20.327866,3480.0,15965.0,0.12680926910400392,False,REGULAR,USD
SPY261030P00761000,2026-09-25 19:52:46+00:00,761.0,7.36,7.54,7.57,-1.7099996,-18.85336,326.0,504.0,0.12551228500366213,False,REGULAR,USD
SPY261030P00762000,2026-09-25 20:05:48+00:00,762.0,7.78,7.81,7.85,-1.8699994,-19.378233,983.0,1230.0,0.12442892181396485,False,REGULAR,USD
SPY261030P00763000,2026-09-25 19:41:23+00:00,763.0,8.01,8.08,8.13,-1.6999998,-17.507723,326.0,794.0,0.12320823089599611,False,REGULAR,USD
SPY261030P00764000,2026-09-25 19:59:22+00:00,764.0,8.34,8.37,8.42,-1.8699999,-18.315376,163.0,832.0,0.12200279861450197,False,REGULAR,USD
SPY261030P00765000,2026-09-25 20:10:29+00:00,765.0,8.67,8.68,8.72,-2.08,-19.348837,1006.0,2764.0,0.1207668490600586,False,REGULAR,USD
SPY261030P00766000,2026-09-25 20:14:41+00:00,766.0,9.0,8.99,9.04,-2.04,-18.47826,165.0,803.0,0.11963770996093749,False,REGULAR,USD
SPY261030P00767000,2026-09-25 20:11:51+00:00,767.0,9.34,9.31,9.36,-2.2200003,-19.204155,1856.0,1891.0,0.11837124313354491,False,REGULAR,USD
SPY261030P00768000,2026-09-25 19:39:03+00:00,768.0,9.68,9.65,9.7,-2.2199993,-18.655458,716.0,754.0,0.11718106948852539,False,REGULAR,USD
SPY261030P00769000,2026-09-25 20:14:41+00:00,769.0,9.98,10.0,10.06,-2.25,-18.397385,393.0,398.0,0.1160671890258789,False,REGULAR,USD
SPY261030P00770000,2026-09-25 20:14:32+00:00,770.0,10.4,10.37,10.43,-2.2400007,-17.721525,1474.0,3479.0,0.11492279129028321,False,REGULAR,USD
SPY261030P00771000,2026-09-25 20:12:07+00:00,771.0,10.78,10.75,10.8,-1.75,-13.966481,1024.0,418.0,0.11362580718994139,False,REGULAR,USD
SPY261030P00772000,2026-09-25 19:59:20+00:00,772.0,11.15,11.15,11.21,-1.8900003,-14.493868,162.0,1475.0,0.11260347854614258,True,REGULAR,USD
SPY261030P00773000,2026-09-25 20:14:07+00:00,773.0,11.57,11.56,11.62,-1.8500004,-13.785398,95.0,833.0,0.11142856353759764,True,REGULAR,USD
SPY261030P00774000,2026-09-25 19:05:27+00:00,774.0,12.3,11.99,12.05,-2.7399998,-18.218082,71.0,551.0,0.11029942443847655,True,REGULAR,USD
SPY261030P00775000,2026-09-25 20:10:48+00:00,775.0,12.44,12.43,12.49,-1.9300003,-13.43076,209.0,1157.0,0.10910925079345701,True,REGULAR,USD
SPY261030P00776000,2026-09-25 18:38:44+00:00,776.0,13.22,12.89,12.95,-3.88,-22.690058,90.0,531.0,0.10798011169433594,True,REGULAR,USD
SPY261030P00777000,2026-09-25 19:59:40+00:00,777.0,13.34,13.37,13.43,-1.6599998,-11.066666,36.0,1286.0,0.10686623123168945,True,REGULAR,USD
SPY261030P00778000,2026-09-25 17:43:19+00:00,778.0,13.94,13.86,13.93,-2.4100008,-14.740066,79.0,159.0,0.10581338531494139,True,REGULAR,USD
SPY261030P00779000,2026-09-25 16:35:01+00:00,779.0,14.44,14.26,14.52,-2.0100012,-12.218852,12.0,347.0,0.10553872985839843,True,REGULAR,USD
SPY261030P00780000,2026-09-25 19:58:15+00:00,780.0,14.61,14.75,15.06,-3.1899996,-17.921347,137.0,971.0,0.10454691848754882,True,REGULAR,USD
SPY261030P00781000,2026-09-25 16:35:01+00:00,781.0,15.69,15.31,15.63,-2.38,-13.171002,8.0,393.0,0.1037076934814453,True,REGULAR,USD
SPY261030P00782000,2026-09-25 19:48:51+00:00,782.0,15.58,15.81,16.22,-4.0300007,-20.550741,3.0,320.0,0.1028837271118164,True,REGULAR,USD
SPY261030P00783000,2026-09-25 15:24:33+00:00,783.0,18.28,16.38,16.85,-0.21999931,-1.1891855,1.0,95.0,0.10234967483520507,True,REGULAR,USD
SPY261030P00784000,2026-09-25 15:54:13+00:00,784.0,19.18,16.95,17.47,-0.42000008,-2.1428576,1.0,315.0,0.10151044982910155,True,REGULAR,USD
SPY261030P00785000,2026-09-25 19:08:44+00:00,785.0,18.11,17.53,18.13,-5.66,-23.811527,6.0,215.0,0.10094588027954102,True,REGULAR,USD
SPY261030P00786000,2026-09-23 14:28:58+00:00,786.0,20.18,18.13,18.77,0.0,0.0,32.0,28.0,0.0999388102722168,True,REGULAR,USD
SPY261030P00787000,2026-09-22 17:42:55+00:00,787.0,17.93,18.75,19.47,0.0,0.0,1.0,518.0,0.0994657925415039,True,REGULAR,USD
SPY261030P00788000,2026-09-25 16:25:35+00:00,788.0,20.22,19.38,20.2,-1.5500011,-7.119895,2.0,529.0,0.09919113708496094,True,REGULAR,USD
SPY261030P00789000,2026-09-25 19:50:18+00:00,789.0,19.8,20.03,20.93,-2.6400013,-11.764711,2.0,221.0,0.09873337799072265,True,REGULAR,USD
SPY261030P00790000,2026-09-24 17:33:05+00:00,790.0,24.28,20.71,21.67,-0.1799984,-0.73588884,25.0,442.0,0.09821458435058594,True,REGULAR,USD
SPY261030P00791000,2026-09-25 15:54:10+00:00,791.0,24.45,21.36,22.47,1.25,5.387931,2.0,90.0,0.09833665344238281,True,REGULAR,USD
SPY261030P00792000,2026-09-25 19:57:44+00:00,792.0,22.5,22.09,23.24,-3.8500004,-14.611007,19.0,63.0,0.09784837707519532,True,REGULAR,USD
SPY261030P00793000,2026-09-25 15:30:12+00:00,793.0,24.95,22.79,24.06,-8.599998,-25.63338,29.0,86.0,0.09793992889404299,True,REGULAR,USD
SPY261030P00794000,2026-09-25 15:54:13+00:00,794.0,26.39,23.51,24.87,-0.2800007,-1.0498713,20.0,190.0,0.09769579071044923,True,REGULAR,USD
SPY261030P00795000,2026-09-25 15:54:12+00:00,795.0,27.56,24.24,25.73,-0.040000916,-0.14493085,75.0,123.0,0.09809251525878906,True,REGULAR,USD
SPY261030P00797000,2026-09-25 19:53:46+00:00,797.0,26.0,25.72,27.54,-14.5,-35.802467,24.0,1.0,0.10004562072753906,True,REGULAR,USD
SPY261030P00798000,2026-09-25 15:54:42+00:00,798.0,30.42,26.5,28.45,-2.9499989,-8.840272,70.0,2.0,0.10096113891601563,True,REGULAR,USD
SPY261030P00799000,2026-09-25 15:55:06+00:00,799.0,30.74,26.55,30.17,-1.2800007,-3.9975035,89.0,2.0,0.11582305084228516,True,REGULAR,USD
SPY261030P00800000,2026-09-25 15:56:20+00:00,800.0,31.64,27.43,31.05,-2.1800003,-6.445891,124.0,61.0,0.11646391357421876,True,REGULAR,USD
SPY261030P00801000,2026-09-25 15:54:53+00:00,801.0,32.65,28.32,31.96,4.9100018,17.700079,92.0,0.0,0.1175015008544922,True,REGULAR,USD
SPY261030P00802000,2026-09-25 15:56:33+00:00,802.0,33.35,29.23,32.85,-8.230003,-19.793179,185.0,9.0,0.11814236358642577,True,REGULAR,USD
SPY261030P00803000,2026-09-25 15:51:40+00:00,803.0,34.85,30.15,33.77,4.499998,14.827012,283.0,0.0,0.11921046813964843,True,REGULAR,USD
SPY261030P00804000,2026-09-25 15:55:13+00:00,804.0,35.35,31.08,34.7,3.5299988,11.093648,301.0,0.0,0.12037012451171875,True,REGULAR,USD
SPY261030P00805000,2026-09-25 15:50:59+00:00,805.0,36.81,32.02,35.64,4.720001,14.708635,111.0,2.0,0.12171288452148438,True,REGULAR,USD
SPY261030P00808000,2026-08-31 16:29:46+00:00,808.0,43.09,34.89,38.51,0.0,0.0,1.0,0.0,0.1263209927368164,True,REGULAR,USD
SPY261030P00809000,2026-09-25 18:41:09+00:00,809.0,38.5,35.85,39.47,-4.4300003,-10.319125,2.0,0.0,0.12784685638427734,True,REGULAR,USD
SPY261030P00810000,2026-09-25 16:21:04+00:00,810.0,39.5,36.83,40.45,0.20000076,0.5089078,4.0,5.0,0.12973892730712888,True,REGULAR,USD
SPY261030P00815000,2026-09-25 16:45:07+00:00,815.0,43.86,41.81,45.44,-1.0400009,-2.3162603,30.0,0.0,0.140908249206543,True,REGULAR,USD
SPY261030P00816000,2026-09-25 16:34:37+00:00,816.0,45.46,42.81,46.44,2.959999,6.9647036,6.0,,0.14313601013183597,True,REGULAR,USD
SPY261030P00817000,2026-09-25 16:01:22+00:00,817.0,46.12,43.81,47.44,-1.3300018,-2.8029542,22.0,,0.1453637710571289,True,REGULAR,USD
SPY261030P00818000,2026-09-25 16:14:44+00:00,818.0,46.37,44.81,48.64,-6.75,-12.707079,9.0,0.0,0.1519555020141602,True,REGULAR,USD
SPY261030P00819000,2026-09-23 15:51:43+00:00,819.0,50.75,45.65,49.61,0.0,0.0,2.0,0.0,0.15357291748046875,True,REGULAR,USD
SPY261030P00820000,2026-09-15 14:07:43+00:00,820.0,62.6,46.65,50.64,0.0,0.0,5.0,0.0,0.15644154113769532,True,REGULAR,USD
SPY261030P00825000,2026-09-25 18:32:39+00:00,825.0,53.8,51.65,55.65,-3.5499992,-6.19006,2.0,4.0,0.16767189758300782,True,REGULAR,USD
SPY261030P00834000,2026-09-14 17:01:15+00:00,834.0,72.44,60.65,64.65,0.0,0.0,,0.0,0.18689777954101564,True,REGULAR,USD
SPY261030P00835000,2026-08-27 14:30:12+00:00,835.0,65.38,61.65,65.63,0.0,0.0,1.0,0.0,0.188484677734375,True,REGULAR,USD
SPY261030P00840000,2026-09-25 20:11:43+00:00,840.0,68.64,66.65,70.65,-3.5,-4.8516774,17.0,7.0,0.19934882690429687,True,REGULAR,USD
SPY261030P00845000,2026-09-24 19:52:56+00:00,845.0,77.16,71.65,75.65,0.0,0.0,7.0,0.0,0.20948056152343747,True,REGULAR,USD
SPY261030P00850000,2026-09-21 19:59:47+00:00,850.0,76.31,76.65,80.65,0.0,0.0,1.0,0.0,0.21949022705078125,True,REGULAR,USD
SPY261030P00855000,2026-09-24 20:11:30+00:00,855.0,87.87,81.65,85.63,0.0,0.0,1.0,0.0,0.22876747802734376,True,REGULAR,USD
SPY261030P00860000,2026-09-25 20:11:43+00:00,860.0,88.64,86.65,90.65,-4.209999,-4.534194,31.0,10.0,0.23902128173828124,True,REGULAR,USD
SPY261030P00865000,2026-09-24 19:52:57+00:00,865.0,97.08,91.65,95.65,0.0,0.0,2.0,0.0,0.2485426708984375,True,REGULAR,USD
SPY261030P00875000,2026-09-14 17:01:16+00:00,875.0,113.44,101.65,105.65,0.0,0.0,4.0,0.0,0.2672192419433594,True,REGULAR,USD
SPY261030P00900000,2026-06-15 16:32:04+00:00,900.0,145.02,143.85,147.3,0.0,0.0,,0.0,0.582584740600586,True,REGULAR,USD
