day0,source,title,cancelled
1993-02-03,fomchistorical1993,February 2-3 Meeting - 1993,False
1993-03-23,fomchistorical1993,March 23 Meeting - 1993,False
1993-05-18,fomchistorical1993,May 18 Meeting - 1993,False
1993-07-07,fomchistorical1993,July 6-7 Meeting - 1993,False
1993-08-17,fomchistorical1993,August 17 Meeting - 1993,False
1993-09-21,fomchistorical1993,September 21 Meeting - 1993,False
1993-11-16,fomchistorical1993,November 16 Meeting - 1993,False
1993-12-21,fomchistorical1993,December 21 Meeting - 1993,False
1994-02-04,fomchistorical1994,February 3-4 Meeting - 1994,False
1994-03-22,fomchistorical1994,March 22 Meeting - 1994,False
1994-05-17,fomchistorical1994,May 17 Meeting - 1994,False
1994-07-06,fomchistorical1994,July 5-6 Meeting - 1994,False
1994-08-16,fomchistorical1994,August 16 Meeting - 1994,False
1994-09-27,fomchistorical1994,September 27 Meeting - 1994,False
1994-11-15,fomchistorical1994,November 15 Meeting - 1994,False
1994-12-20,fomchistorical1994,December 20 Meeting - 1994,False
1995-02-01,fomchistorical1995,January 31-February 1 Meeting - 1995,False
1995-03-28,fomchistorical1995,March 28 Meeting - 1995,False
1995-05-23,fomchistorical1995,May 23 Meeting - 1995,False
1995-07-06,fomchistorical1995,July 5-6 Meeting - 1995,False
1995-08-22,fomchistorical1995,August 22 Meeting - 1995,False
1995-09-26,fomchistorical1995,September 26 Meeting - 1995,False
1995-11-15,fomchistorical1995,November 15 Meeting - 1995,False
1995-12-19,fomchistorical1995,December 19 Meeting - 1995,False
1996-01-31,fomchistorical1996,January 30-31 Meeting - 1996,False
1996-03-26,fomchistorical1996,March 26 Meeting - 1996,False
1996-05-21,fomchistorical1996,May 21 Meeting - 1996,False
1996-07-03,fomchistorical1996,July 2-3 Meeting - 1996,False
1996-08-20,fomchistorical1996,August 20 Meeting - 1996,False
1996-09-24,fomchistorical1996,September 24 Meeting - 1996,False
1996-11-13,fomchistorical1996,November 13 Meeting - 1996,False
1996-12-17,fomchistorical1996,December 17 Meeting - 1996,False
1997-02-05,fomchistorical1997,February 4-5 Meeting - 1997,False
1997-03-25,fomchistorical1997,March 25 Meeting - 1997,False
1997-05-20,fomchistorical1997,May 20 Meeting - 1997,False
1997-07-02,fomchistorical1997,July 1-2 Meeting - 1997,False
1997-08-19,fomchistorical1997,August 19 Meeting - 1997,False
1997-09-30,fomchistorical1997,September 30 Meeting - 1997,False
1997-11-12,fomchistorical1997,November 12 Meeting - 1997,False
1997-12-16,fomchistorical1997,December 16 Meeting - 1997,False
1998-02-04,fomchistorical1998,February 3-4 Meeting - 1998,False
1998-03-31,fomchistorical1998,March 31 Meeting - 1998,False
1998-05-19,fomchistorical1998,May 19 Meeting - 1998,False
1998-07-01,fomchistorical1998,June 30-July 1 Meeting - 1998,False
1998-08-18,fomchistorical1998,August 18 Meeting - 1998,False
1998-09-29,fomchistorical1998,September 29 Meeting - 1998,False
1998-11-17,fomchistorical1998,November 17 Meeting - 1998,False
1998-12-22,fomchistorical1998,December 22 Meeting - 1998,False
1999-02-03,fomchistorical1999,February 2-3 Meeting - 1999,False
1999-03-30,fomchistorical1999,March 30 Meeting - 1999,False
1999-05-18,fomchistorical1999,May 18 Meeting - 1999,False
1999-06-30,fomchistorical1999,June 29-30 Meeting - 1999,False
1999-08-24,fomchistorical1999,August 24 Meeting - 1999,False
1999-10-05,fomchistorical1999,October 5 Meeting - 1999,False
1999-11-16,fomchistorical1999,November 16 Meeting - 1999,False
1999-12-21,fomchistorical1999,December 21 Meeting - 1999,False
2000-02-02,fomchistorical2000,February 1-2 Meeting - 2000,False
2000-03-21,fomchistorical2000,March 21 Meeting - 2000,False
2000-05-16,fomchistorical2000,May 16 Meeting - 2000,False
2000-06-28,fomchistorical2000,June 27-28 Meeting - 2000,False
2000-08-22,fomchistorical2000,August 22 Meeting - 2000,False
2000-10-03,fomchistorical2000,October 3 Meeting - 2000,False
2000-11-15,fomchistorical2000,November 15 Meeting - 2000,False
2000-12-19,fomchistorical2000,December 19 Meeting - 2000,False
2001-01-31,fomchistorical2001,January 30-31 Meeting - 2001,False
2001-03-20,fomchistorical2001,March 20 Meeting - 2001,False
2001-05-15,fomchistorical2001,May 15 Meeting - 2001,False
2001-06-27,fomchistorical2001,June 26-27 Meeting - 2001,False
2001-08-21,fomchistorical2001,August 21 Meeting - 2001,False
2001-10-02,fomchistorical2001,October 2 Meeting - 2001,False
2001-11-06,fomchistorical2001,November 6 Meeting - 2001,False
2001-12-11,fomchistorical2001,December 11 Meeting - 2001,False
2002-01-30,fomchistorical2002,January 29-30 Meeting - 2002,False
2002-03-19,fomchistorical2002,March 19 Meeting - 2002,False
2002-05-07,fomchistorical2002,May 7 Meeting - 2002,False
2002-06-26,fomchistorical2002,June 25-26 Meeting - 2002,False
2002-08-13,fomchistorical2002,August 13 Meeting - 2002,False
2002-09-24,fomchistorical2002,September 24 Meeting - 2002,False
2002-11-06,fomchistorical2002,November 6 Meeting - 2002,False
2002-12-10,fomchistorical2002,December 10 Meeting - 2002,False
2003-01-29,fomchistorical2003,January 28-29 Meeting - 2003,False
2003-03-18,fomchistorical2003,March 18 Meeting - 2003,False
2003-05-06,fomchistorical2003,May 6 Meeting - 2003,False
2003-06-25,fomchistorical2003,June 24-25 Meeting - 2003,False
2003-08-12,fomchistorical2003,August 12 Meeting - 2003,False
2003-09-16,fomchistorical2003,September 16 Meeting - 2003,False
2003-10-28,fomchistorical2003,October 28 Meeting - 2003,False
2003-12-09,fomchistorical2003,December 9 Meeting - 2003,False
2004-01-28,fomchistorical2004,January 27-28 Meeting - 2004,False
2004-03-16,fomchistorical2004,March 16 Meeting - 2004,False
2004-05-04,fomchistorical2004,May 4 Meeting - 2004,False
2004-06-30,fomchistorical2004,June 29-30 Meeting - 2004,False
2004-08-10,fomchistorical2004,August 10 Meeting - 2004,False
2004-09-21,fomchistorical2004,September 21 Meeting - 2004,False
2004-11-10,fomchistorical2004,November 10 Meeting - 2004,False
2004-12-14,fomchistorical2004,December 14 Meeting - 2004,False
2005-02-02,fomchistorical2005,February 1-2 Meeting - 2005,False
2005-03-22,fomchistorical2005,March 22 Meeting - 2005,False
2005-05-03,fomchistorical2005,May 3 Meeting - 2005,False
2005-06-30,fomchistorical2005,June 29-30 Meeting - 2005,False
2005-08-09,fomchistorical2005,August 9 Meeting - 2005,False
2005-09-20,fomchistorical2005,September 20 Meeting - 2005,False
2005-11-01,fomchistorical2005,November 1 Meeting - 2005,False
2005-12-13,fomchistorical2005,December 13 Meeting - 2005,False
2006-01-31,fomchistorical2006,January 31 Meeting - 2006,False
2006-03-28,fomchistorical2006,March 27-28 Meeting - 2006,False
2006-05-10,fomchistorical2006,May 10 Meeting - 2006,False
2006-06-29,fomchistorical2006,June 28-29 Meeting - 2006,False
2006-08-08,fomchistorical2006,August 8 Meeting - 2006,False
2006-09-20,fomchistorical2006,September 20 Meeting - 2006,False
2006-10-25,fomchistorical2006,October 24-25 Meeting - 2006,False
2006-12-12,fomchistorical2006,December 12 Meeting - 2006,False
2007-01-31,fomchistorical2007,January 30-31 Meeting - 2007,False
2007-03-21,fomchistorical2007,March 20-21 Meeting - 2007,False
2007-05-09,fomchistorical2007,May 9 Meeting - 2007,False
2007-06-28,fomchistorical2007,June 27-28 Meeting - 2007,False
2007-08-07,fomchistorical2007,August 7 Meeting - 2007,False
2007-09-18,fomchistorical2007,September 18 Meeting - 2007,False
2007-10-31,fomchistorical2007,October 30-31 Meeting - 2007,False
2007-12-11,fomchistorical2007,December 11 Meeting - 2007,False
2008-01-30,fomchistorical2008,January 29-30 Meeting - 2008,False
2008-03-18,fomchistorical2008,March 18 Meeting - 2008,False
2008-04-30,fomchistorical2008,April 29-30 Meeting - 2008,False
2008-06-25,fomchistorical2008,June 24-25 Meeting - 2008,False
2008-08-05,fomchistorical2008,August 5 Meeting - 2008,False
2008-09-16,fomchistorical2008,September 16 Meeting - 2008,False
2008-10-29,fomchistorical2008,October 28-29 Meeting - 2008,False
2008-12-16,fomchistorical2008,December 15-16 Meeting - 2008,False
2009-01-28,fomchistorical2009,January 27-28 Meeting - 2009,False
2009-03-18,fomchistorical2009,March 17-18 Meeting - 2009,False
2009-04-29,fomchistorical2009,April 28-29 Meeting - 2009,False
2009-06-24,fomchistorical2009,June 23-24 Meeting - 2009,False
2009-08-12,fomchistorical2009,August 11-12 Meeting - 2009,False
2009-09-23,fomchistorical2009,September 22-23 Meeting - 2009,False
2009-11-04,fomchistorical2009,November 3-4 Meeting - 2009,False
2009-12-16,fomchistorical2009,December 15-16 Meeting - 2009,False
2010-01-27,fomchistorical2010,January 26-27 Meeting - 2010,False
2010-03-16,fomchistorical2010,March 16 Meeting - 2010,False
2010-04-28,fomchistorical2010,April 27-28 Meeting - 2010,False
2010-06-23,fomchistorical2010,June 22-23 Meeting - 2010,False
2010-08-10,fomchistorical2010,August 10 Meeting - 2010,False
2010-09-21,fomchistorical2010,September 21 Meeting - 2010,False
2010-11-03,fomchistorical2010,November 2-3 Meeting - 2010,False
2010-12-14,fomchistorical2010,December 14 Meeting - 2010,False
2011-01-26,fomchistorical2011,January 25-26 Meeting - 2011,False
2011-03-15,fomchistorical2011,March 15 Meeting - 2011,False
2011-04-27,fomchistorical2011,April 26-27 Meeting - 2011,False
2011-06-22,fomchistorical2011,June 21-22 Meeting - 2011,False
2011-08-09,fomchistorical2011,August 9 Meeting - 2011,False
2011-09-21,fomchistorical2011,September 20-21 Meeting - 2011,False
2011-11-02,fomchistorical2011,November 1-2 Meeting - 2011,False
2011-12-13,fomchistorical2011,December 13 Meeting - 2011,False
2012-01-25,fomchistorical2012,January 24-25 Meeting - 2012,False
2012-03-13,fomchistorical2012,March 13 Meeting - 2012,False
2012-04-25,fomchistorical2012,April 24-25 Meeting - 2012,False
2012-06-20,fomchistorical2012,June 19-20 Meeting - 2012,False
2012-08-01,fomchistorical2012,July 31-August 1 Meeting - 2012,False
2012-09-13,fomchistorical2012,September 12-13 Meeting - 2012,False
2012-10-24,fomchistorical2012,October 23-24 Meeting - 2012,False
2012-12-12,fomchistorical2012,December 11-12 Meeting - 2012,False
2013-01-30,fomchistorical2013,January 29-30 Meeting - 2013,False
2013-03-20,fomchistorical2013,March 19-20 Meeting - 2013,False
2013-05-01,fomchistorical2013,April/May 30-1 Meeting - 2013,False
2013-06-19,fomchistorical2013,June 18-19 Meeting - 2013,False
2013-07-31,fomchistorical2013,July 30-31 Meeting - 2013,False
2013-09-18,fomchistorical2013,September 17-18 Meeting - 2013,False
2013-10-30,fomchistorical2013,October 29-30 Meeting - 2013,False
2013-12-18,fomchistorical2013,December 17-18 Meeting - 2013,False
2014-01-29,fomchistorical2014,January 28-29 Meeting - 2014,False
2014-03-19,fomchistorical2014,March 18-19 Meeting - 2014,False
2014-04-30,fomchistorical2014,April 29-30 Meeting - 2014,False
2014-06-18,fomchistorical2014,June 17-18 Meeting - 2014,False
2014-07-30,fomchistorical2014,July 29-30 Meeting - 2014,False
2014-09-17,fomchistorical2014,September 16-17 Meeting - 2014,False
2014-10-29,fomchistorical2014,October 28-29 Meeting - 2014,False
2014-12-17,fomchistorical2014,December 16-17 Meeting - 2014,False
2015-01-28,fomchistorical2015,January 27-28 Meeting - 2015,False
2015-03-18,fomchistorical2015,March 17-18 Meeting - 2015,False
2015-04-29,fomchistorical2015,April 28-29 Meeting - 2015,False
2015-06-17,fomchistorical2015,June 16-17 Meeting - 2015,False
2015-07-29,fomchistorical2015,July 28-29 Meeting - 2015,False
2015-09-17,fomchistorical2015,September 16-17 Meeting - 2015,False
2015-10-28,fomchistorical2015,October 27-28 Meeting - 2015,False
2015-12-16,fomchistorical2015,December 15-16 Meeting - 2015,False
2016-01-27,fomchistorical2016,January 26-27 Meeting - 2016,False
2016-03-16,fomchistorical2016,March 15-16 Meeting - 2016,False
2016-04-27,fomchistorical2016,April 26-27 Meeting - 2016,False
2016-06-15,fomchistorical2016,June 14-15 Meeting - 2016,False
2016-07-27,fomchistorical2016,July 26-27 Meeting - 2016,False
2016-09-21,fomchistorical2016,September 20-21 Meeting - 2016,False
2016-11-02,fomchistorical2016,November 1-2 Meeting - 2016,False
2016-12-14,fomchistorical2016,December 13-14 Meeting - 2016,False
2017-02-01,fomchistorical2017,Jan/Feb 31-1 Meeting - 2017,False
2017-03-15,fomchistorical2017,March 14-15 Meeting - 2017,False
2017-05-03,fomchistorical2017,May 2-3 Meeting - 2017,False
2017-06-14,fomchistorical2017,June 13-14 Meeting - 2017,False
2017-07-26,fomchistorical2017,July 25-26 Meeting - 2017,False
2017-09-20,fomchistorical2017,September 19-20 Meeting - 2017,False
2017-11-01,fomchistorical2017,Oct/Nov 31-1 Meeting - 2017,False
2017-12-13,fomchistorical2017,December 12-13 Meeting - 2017,False
2018-01-31,fomchistorical2018,January 30-31 Meeting - 2018,False
2018-03-21,fomchistorical2018,March 20-21 Meeting - 2018,False
2018-05-02,fomchistorical2018,May 1-2 Meeting - 2018,False
2018-06-13,fomchistorical2018,June 12-13 Meeting - 2018,False
2018-08-01,fomchistorical2018,Jul/Aug 31-1 Meeting - 2018,False
2018-09-26,fomchistorical2018,September 25-26 Meeting - 2018,False
2018-11-08,fomchistorical2018,November 7-8 Meeting - 2018,False
2018-12-19,fomchistorical2018,December 18-19 Meeting - 2018,False
2019-01-30,fomchistorical2019,January 29-30 Meeting - 2019,False
2019-03-20,fomchistorical2019,March 19-20 Meeting - 2019,False
2019-05-01,fomchistorical2019,April/May 30-1 Meeting - 2019,False
2019-06-19,fomchistorical2019,June 18-19 Meeting - 2019,False
2019-07-31,fomchistorical2019,July 30-31 Meeting - 2019,False
2019-09-18,fomchistorical2019,September 17-18 Meeting - 2019,False
2019-10-30,fomchistorical2019,October 29-30 Meeting - 2019,False
2019-12-11,fomchistorical2019,December 10-11 Meeting - 2019,False
2020-01-29,fomchistorical2020,January 28-29 Meeting - 2020,False
2020-03-18,fomchistorical2020,March 17-18 (cancelled) Meeting - 2020,True
2020-04-29,fomchistorical2020,April 28-29 Meeting - 2020,False
2020-06-10,fomchistorical2020,June 9-10 Meeting - 2020,False
2020-07-29,fomchistorical2020,July 28-29 Meeting - 2020,False
2020-09-16,fomchistorical2020,September 15-16 Meeting - 2020,False
2020-11-05,fomchistorical2020,November 4-5 Meeting - 2020,False
2020-12-16,fomchistorical2020,December 15-16 Meeting - 2020,False
2021-01-27,fomccalendars,January 26-27 2021,False
2021-03-17,fomccalendars,March 16-17* 2021,False
2021-04-28,fomccalendars,April 27-28 2021,False
2021-06-16,fomccalendars,June 15-16* 2021,False
2021-07-28,fomccalendars,July 27-28 2021,False
2021-09-22,fomccalendars,September 21-22* 2021,False
2021-11-03,fomccalendars,November 2-3 2021,False
2021-12-15,fomccalendars,December 14-15* 2021,False
2022-01-26,fomccalendars,January 25-26 2022,False
2022-03-16,fomccalendars,March 15-16* 2022,False
2022-05-04,fomccalendars,May 3-4 2022,False
2022-06-15,fomccalendars,June 14-15* 2022,False
2022-07-27,fomccalendars,July 26-27 2022,False
2022-09-21,fomccalendars,September 20-21* 2022,False
2022-11-02,fomccalendars,November 1-2 2022,False
2022-12-14,fomccalendars,December 13-14* 2022,False
2023-02-01,fomccalendars,Jan/Feb 31-1 2023,False
2023-03-22,fomccalendars,March 21-22* 2023,False
2023-05-03,fomccalendars,May 2-3 2023,False
2023-06-14,fomccalendars,June 13-14* 2023,False
2023-07-26,fomccalendars,July 25-26 2023,False
2023-09-20,fomccalendars,September 19-20* 2023,False
2023-11-01,fomccalendars,Oct/Nov 31-1 2023,False
2023-12-13,fomccalendars,December 12-13* 2023,False
2024-01-31,fomccalendars,January 30-31 2024,False
2024-03-20,fomccalendars,March 19-20* 2024,False
2024-05-01,fomccalendars,Apr/May 30-1 2024,False
2024-06-12,fomccalendars,June 11-12* 2024,False
2024-07-31,fomccalendars,July 30-31 2024,False
2024-09-18,fomccalendars,September 17-18* 2024,False
2024-11-07,fomccalendars,November 6-7 2024,False
2024-12-18,fomccalendars,December 17-18* 2024,False
2025-01-29,fomccalendars,January 28-29 2025,False
2025-03-19,fomccalendars,March 18-19* 2025,False
2025-05-07,fomccalendars,May 6-7 2025,False
2025-06-18,fomccalendars,June 17-18* 2025,False
2025-07-30,fomccalendars,July 29-30 2025,False
2025-09-17,fomccalendars,September 16-17* 2025,False
2025-10-29,fomccalendars,October 28-29 2025,False
2025-12-10,fomccalendars,December 9-10* 2025,False
2026-01-28,fomccalendars,January 27-28 2026,False
2026-03-18,fomccalendars,March 17-18* 2026,False
2026-04-29,fomccalendars,April 28-29 2026,False
2026-06-17,fomccalendars,June 16-17* 2026,False
2026-07-29,fomccalendars,July 28-29 2026,False
2026-09-16,fomccalendars,September 15-16* 2026,False
2026-10-28,fomccalendars,October 27-28 2026,False
2026-12-09,fomccalendars,December 8-9* 2026,False
2027-01-27,fomccalendars,January 26-27 2027,False
2027-03-17,fomccalendars,March 16-17* 2027,False
2027-04-28,fomccalendars,April 27-28 2027,False
2027-06-09,fomccalendars,June 8-9* 2027,False
2027-07-28,fomccalendars,July 27-28 2027,False
2027-09-15,fomccalendars,September 14-15* 2027,False
2027-10-27,fomccalendars,October 26-27 2027,False
2027-12-08,fomccalendars,December 7-8* 2027,False
